[
    {
        "foto":"plato11.jpg",
        "titulo":"Bocadillo de carne",
        "texto":"Es un producto culinario de la máxima calidad. Pan con sésamo envolviendo una carne de excelente calidad, siempre de Aragón, con el queso y tomate de la mejor calidad. La mejor hamburguesa de Zaragoza sin duda alguna!",
        "precio":"19,95 €"
    },
    {
        "foto":"plato22.jpg",
        "titulo":"Tallarines con carne",
        "texto":"Pasta fresca recien hecha 100% italiana",
        "precio":"29,95 €"
    },
    {
        "foto":"plato33.jpg",
        "titulo":"Ensalada tres delicias",
        "texto":"Ensalada oriental con varias texturas y sabores",
        "precio":"39,95 €"
    },
    {
        "foto":"plato44.jpg",
        "titulo":"Rollitos con tomate",
        "texto":"Un plato tradicional fresco y sabroso",
        "precio":"49,95 €"
    },
    {
        "foto":"plato55.jpg",
        "titulo":"Brochetas de pollo",
        "texto":"Un manjar a la plancha para los fans de la barbacoa",
        "precio":"59,95 €"
    },
    {
        "foto":"plato66.jpg",
        "titulo":"Plato de pita",
        "texto":"Delicias orientales exquisitamente elaboradas",
        "precio":"69,95 €"
    }
]