[
    {
        "titulo":"El sitio aragonés",
        "foto":"rest1.jpg",
        "descripcion":"Calle Jerónimo Blancas, 3, Zaragoza, 50001\n\nAntiguo local de comida regional de Aragón. Toda nuestra experiencia puesta al servicio de platos exquisitos de la zona, con productos locales de los agricultores y ganaderos de la vega del Ebro.\n\nNuestras galardonadas carnes en el circuito nacional dan prueba de nuestro saber hacer. El 'Ternasco del Sitio' es conocido por su sabor y su ternura. A continuación indicamos algunos de nuestros productos:\n\nEnsaladas\nEnsalada de Pollo 10,00 €\nEnsalada de Queso de Rulo Crujiente 10,00 €\nEnsalada César 10,00 €\n\nPicar y Compartir\nSartén de Patatas Asadas con Queso Camembert 7,50 €\nPatatas Bravas 5,00 €\nCroquetas de Jamón, 4 Unidades 6,00 €\nRación de Calamares 10,00 €\nRación de Sepia con Patatas y Salsa Tártara 12,00 €\n",
        "fotos_productos":[
            "plato11.jpg",
            "plato22.jpg",
            "plato33.jpg",
            "plato44.jpg",
            "plato55.jpg",
            "plato66.jpg"
        ]
    },
    {
        "titulo":"Don Fon",
        "foto":"rest2.jpg",
        "descripcion":"Calle Berenguer de Bardají 68, Zaragoza, 50017\nComida china",
        "fotos_productos":[]
    },
    {
        "titulo":"Burguer Grill",
        "foto":"rest3.jpg",
        "descripcion":"Calle Santander, 34, Zaragoza, 50010\nComida americana",
        "fotos_productos":[]
    },
    {
        "titulo":"Papa Johns",
        "foto":"rest4.jpg",
        "descripcion":"Av. de Gómez Laguna, Zaragoza, 50009\nComida italiana",
        "fotos_productos":[]
    },
    {
        "titulo":"Udon",
        "foto":"rest5.jpg",
        "descripcion":"Calle Marceliano Isábal, 2, Zaragoza, 50004\nComida japonesa",
        "fotos_productos":[]
    },
    {
        "titulo":"El Maño kebab",
        "foto":"rest6.jpg",
        "descripcion":"Avenida de Madrid, 71, Zaragoza, 50010\nComida turca",
        "fotos_productos":[]
    }
]